USAF,WBAN,STATION NAME,CTRY,STATE,ICAO,LAT,LON,ELEV(M),BEGIN,END,combine_USAF_WBAN
692704,99999,MPRC-FT STEWART,US,GA,KQRC,+32.033,-081.667,+0018.0,19850125,20091215,69270499999
720120,63837,HILTON HEAD AIRPORT,US,SC,KHXD,+32.217,-080.700,+0007.3,20060101,20180620,72012063837
720120,99999,HILTON HEAD,US,SC,KHXD,+32.217,-080.700,+0006.0,20040904,20071231,72012099999
720168,99999,COVINGTON MUNI,US,TN,KM04,+35.583,-089.587,+0085.3,20170427,20180619,72016899999
720171,99999,WILLIAM L WHITEHURST FLD,US,TN,KM08,+35.214,-089.043,+0152.1,20160804,20180619,72017199999
720257,63835,EARLY COUNTY AIRPORT,US,GA,KBIJ,+31.397,-084.895,+0065.2,20060101,20180620,72025763835
720257,99999,EARLY CO,US,GA,KBIJ,+31.400,-084.900,+0065.0,20040525,20071231,72025799999
720263,63834,ELBERT CO-PATZ FLD AIRPORT,US,GA,K27A,+34.095,-082.816,+0183.8,20171004,20180620,72026363834
720263,99999,ELBERT CO PATZ FLD,US,GA,,+34.095,-082.816,+0183.8,20040525,20180322,72026399999
720264,63827,TAZEWELL COUNTY AIRPORT,US,VA,K6V3,+37.064,-081.798,+0808.3,20060101,20130430,72026463827
720264,99999,TAZEWELL COUNTY ARPT,US,VA,KJFZ,+37.067,-081.800,+0808.0,20040525,20071231,72026499999
720268,53882,DCATR CO INDUS AIRPK ARPT,US,GA,KBGE,+30.983,-084.633,+0043.0,20060101,20180620,72026853882
720268,99999,DECATUR CO INDUSTRI,US,GA,KBGE,+30.967,-084.633,+0043.0,19420917,20071231,72026899999
720278,03704,EMPORIA-GRENVLE RGNL ARPT,US,VA,KEMV,+36.687,-077.483,+0038.7,20060101,20180620,72027803704
720278,99999,EMPORIA GREENSVILLE,US,VA,KEMV,+36.687,-077.483,+0039.0,20040525,20071231,72027899999
720285,03734,MIDDLE PENINSULA REGIONAL AIRPORT,US,VA,KFYJ,+37.521,-076.765,+0007.3,20060101,20180620,72028503734
720285,99999,MIDDLE PENINSULA RGN,US,VA,KFYJ,+37.517,-076.767,+0007.0,20040525,20071231,72028599999
720289,63836,THOMSON-MCDUFFIE CO ARPT,US,GA,KHQU,+33.530,-082.516,+0151.8,20060101,20180620,72028963836
720289,99999,THOMSON MCDUFFIE CO,US,GA,KHQU,+33.533,-082.517,+0152.0,20040525,20071231,72028999999
720294,53898,WASHINGTON-WILKES CO ARPT,US,GA,KIIY,+33.780,-082.816,+0196.6,20061028,20180615,72029453898
720294,99999,WASHINGTON WILKES CO,US,GA,KIIY,+33.783,-082.817,+0197.0,20040525,20070520,72029499999
720297,03730,WILLIAMSBURG-JAMESTOWN APT,US,VA,KJGG,+37.239,-076.716,+0014.9,20060101,20180620,72029703730
720297,99999,WILLIAMSBURG,US,VA,KJGG,+37.233,-076.717,+0015.0,20040525,20071231,72029799999
720300,99999,WARNER-ROBINS(NEXRAD),US,GA,KJGX,+32.683,-083.350,+0159.0,20051224,20051224,72030099999
720301,63846,PLANTATION AIRPARK,US,GA,KJYL,+32.646,-081.596,+0057.3,20060101,20180620,72030163846
720301,99999,PLANTATION AIRPARK,US,GA,KJYL,+32.645,-081.596,+0057.0,20040525,20071231,72030199999
720317,03735,STAFFORD REGIONAL AIRPORT,US,VA,KRMN,+38.398,-077.456,+0064.6,20060101,20180620,72031703735
720317,99999,STAFFORD RGNL,US,VA,KRMN,+38.400,-077.450,+0064.0,20040525,20071231,72031799999
720347,63877,GREENE COUNTY REGIONAL AIRPORT,US,GA,K3J7,+33.598,-083.139,+0206.4,20060101,20180620,72034763877
720347,99999,GREENE COUNTY RGNL,US,GA,K3J7,+33.600,-083.133,+0206.0,20050427,20071231,72034799999
720348,63886,BALDWIN COUNTY AIRPORT,US,GA,KMLJ,+33.154,-083.241,+0117.0,20060101,20180620,72034863886
720348,99999,BALDWIN CO,US,GA,KMLJ,+33.154,-083.241,+0117.0,20050427,20071231,72034899999
720392,00128,HOMERVILLE AIRPORT,US,GA,KHOE,+31.056,-082.767,+0057.3,20130101,20180620,72039200128
720392,99999,HOMERVILLE,US,GA,KHOE,+31.056,-082.774,+0056.7,20070521,20180514,72039299999
720409,99999,BLAIRSVILLE AIRPORT,US,GA,KDZJ,+34.850,-083.983,+0582.0,20071228,20180619,72040999999
720498,00153,CHESTERFIELD COUNTY AIRPORT,US,VA,KFCI,+37.400,-077.517,+0072.2,20130101,20180620,72049800153
720498,99999,CHESTERFIELD AIRPORT,US,VA,KFCI,+37.400,-077.517,+0072.2,20100517,20180514,72049899999
720499,00154,HAMPTON ROADS EXECUTIVE AIRPORT,US,VA,KPVG,+36.783,-076.450,+0007.0,20130101,20180620,72049900154
720499,99999,HAMPTON ROADS EXECUTIVE AIRPORT,US,VA,KPVG,+36.780,-076.449,+0007.0,20110503,20180520,72049999999
720501,00155,TAPPAHANNOCK ESSEX COUNTY AIRPORT,US,VA,KXSA,+37.850,-076.883,+0041.2,20171030,20180620,72050100155
720501,99999,ESSEX CO AIRPORT,US,VA,KXSA,+37.850,-076.883,+0041.0,20080401,20180514,72050199999
720596,00189,NEWBERRY COUNTY AIRPORT,US,SC,KEOE,+34.300,-081.633,+0173.1,20130101,20180620,72059600189
720596,99999,NEWBERRY,US,SC,KEOE,+34.300,-081.633,+0173.0,20090105,20180514,72059699999
720597,00190,LAURENS COUNTY AIRPORT,US,SC,KLUX,+34.500,-081.950,+0212.1,20150317,20180620,72059700190
720597,99999,LAURENS,US,SC,KLUX,+34.500,-081.950,+0212.0,20090105,20180515,72059799999
720598,00191,BERKELEY COUNTY AIRPORT,US,SC,KMKS,+33.183,-080.033,+0022.3,20150317,20180620,72059800191
720598,99999,MONCKS CORNER,US,SC,KMKS,+33.183,-080.033,+0022.0,20090105,20180322,72059899999
720599,00192,CHESTER CATAWBA REGIONAL AIRPORT,US,SC,KDCM,+34.783,-081.200,+0200.3,20150227,20180620,72059900192
720599,99999,CHESTER,US,SC,KDCM,+34.783,-081.200,+0200.0,20090105,20180207,72059999999
720601,00193,AIKEN MUNICIPAL AIRPORT,US,SC,KAIK,+33.650,-081.683,+0161.2,20130101,20180620,72060100193
720601,99999,AIKEN MUNI,US,SC,KAIK,+33.649,-081.685,+0160.9,20090105,20180515,72060199999
720602,00194,BARNWELL REGIONAL AIRPORT,US,SC,KBNL,+33.250,-081.383,+0075.3,20130101,20180620,72060200194
720602,99999,BARNWELL CO,US,SC,KBNL,+33.258,-081.388,+0075.0,20090105,20180515,72060299999
720603,00195,WOODWARD FIELD AIRPORT,US,SC,KCDN,+34.283,-080.567,+0092.1,20130101,20180620,72060300195
720603,99999,CAMDEN/WOODWARD FLD,US,SC,KCDN,+34.283,-080.567,+0092.0,20090105,20180410,72060399999
720604,00196,WILLIAMSBURG REGIONAL AIRPORT,US,SC,KCKI,+33.717,-079.850,+0020.1,20150227,20180620,72060400196
720604,99999,KINGSTREE/WILLIAMSBURG RGNL,US,SC,KCKI,+33.717,-079.857,+0020.4,20090105,20171006,72060499999
720605,00197,CHERAW MUNICIPAL LYNCH BELLINGER FIELD,US,SC,KCQW,+34.717,-079.950,+0073.2,20160917,20180604,72060500197
720605,99999,CHERAW,US,SC,KCQW,+34.717,-079.950,+0073.0,20090105,20180515,72060599999
720606,00198,CHARLESTON EXECUTIVE AIRPORT,US,SC,KJZI,+32.701,-080.003,+0005.2,20130101,20180620,72060600198
720606,99999,CHARLESTON EXECUTIVE,US,SC,KJZI,+32.701,-080.003,+0005.2,20090105,20180322,72060699999
720607,00199,LANCASTER COUNTY MC WHIRTER FIELD AIRPORT,US,SC,KLKR,+34.717,-080.850,+0148.1,20170918,20180605,72060700199
720607,99999,LANCASTER CO MC WHIRTER FLD,US,SC,KLKR,+34.723,-080.855,+0148.1,20090105,20180515,72060799999
720608,00200,MARION COUNTY AIRPORT,US,SC,KMAO,+34.181,-079.335,+0028.0,20130101,20180620,72060800200
720608,99999,MARION CO,US,SC,KMAO,+34.181,-079.335,+0028.0,20090105,20180514,72060899999
720609,00201,LOWCOUNTRY REGIONAL AIRPORT,US,SC,KRBW,+32.917,-080.633,+0031.1,20130101,20180620,72060900201
720609,99999,WALTERBORO/LOWCOUNTRY RGNL,US,SC,KRBW,+32.921,-080.641,+0029.9,20090105,20170918,72060999999
720611,00202,SUMTER AIRPORT,US,SC,KSMS,+34.000,-080.367,+0055.2,20150224,20180620,72061100202
720611,99999,SUMTER,US,SC,KSMS,+34.000,-080.367,+0055.5,20090105,20180515,72061199999
720612,00203,BEAUFORT COUNTY AIRPORT,US,SC,KARW,+32.412,-080.634,+0038.1,20130101,20180620,72061200203
720612,99999,BEAUFORT,US,SC,KARW,+32.400,-080.633,+0003.0,20090120,20180322,72061299999
720613,00204,CONWAY HORRY COUNTY AIRPORT,US,SC,KHYW,+33.828,-079.122,+0010.1,20130101,20180620,72061300204
720613,99999,CONWAY HORRY CO,US,SC,KHYW,+33.829,-079.122,+0010.4,20090601,20180520,72061399999
720623,99999,ELIZABETHTON MUNI,US,TN,,+36.371,-082.173,+0485.5,20090325,20130430,72062399999
720631,00217,MARLBORO COUNTY JETPORT H E AVENT FIELD,US,SC,KBBP,+34.617,-079.733,+0045.1,20150317,20180620,72063100217
720631,99999,MARLBORO CO JETPORT H E AVENT,US,SC,KBBP,+34.622,-079.734,+0044.8,20090403,20180515,72063199999
720632,00218,SUMMERVILLE AIRPORT,US,SC,KDYB,+33.063,-080.279,+0017.1,20150224,20180620,72063200218
720632,99999,SUMMERVILLE,US,SC,KDYB,+33.063,-080.279,+0017.1,20090404,20180515,72063299999
720633,00219,HARTSVILLE REGIONAL AIRPORT,US,SC,KHVS,+34.400,-080.117,+0111.3,20130101,20180620,72063300219
720633,99999,HARTSVILLE RGNL,US,SC,KHVS,+34.403,-080.119,+0110.9,20090403,20180514,72063399999
720634,00220,FAIRFIELD COUNTY AIRPORT,US,SC,KFDW,+34.315,-081.109,+0176.2,20150227,20180620,72063400220
720634,99999,FAIRFIELD CO/WINNSBORO,US,SC,KFDW,+34.315,-081.109,+0175.9,20090421,20180322,72063499999
720671,00248,JESUP WAYNE COUNTY AIRPORT,US,GA,KJES,+31.554,-081.883,+0033.2,20151209,20180620,72067100248
720671,99999,JESUP WAYNE CO,US,GA,KJES,+31.554,-081.883,+0032.9,20100111,20180520,72067199999
720674,00249,WEST GEORGIA REGIONAL AIRPORT O V GRAY FIELD,US,GA,KCTJ,+33.633,-085.150,+0354.2,20130101,20180620,72067400249
720674,99999,WEST GEORGIA RGNL O V GRAY FLD,US,GA,KCTJ,+33.631,-085.152,+0353.9,20100129,20180515,72067499999
720712,00250,HENRY TIFT MYERS AIRPORT,US,GA,KTMA,+31.429,-083.489,+0108.2,20130101,20180620,72071200250
720714,00252,PAULDING NORTHWEST ATLANTA AIRPORT,US,GA,KPUJ,+33.912,-084.941,+0393.2,20170308,20180620,72071400252
720714,99999,PAULDING COUNTY AIRPORT,US,GA,KPUJ,+33.912,-084.941,+0393.0,20100425,20180522,72071499999
720716,99999,LURAY CAVERNS,US,VA,KW45,+38.667,-078.501,+0274.9,20100429,20130430,72071699999
720738,00267,THOMASVILLE REGIONAL AIRPORT,US,GA,KTVI,+30.902,-083.881,+0080.2,19440216,20180620,72073800267
720738,99999,THOMASVILLE RGNL,US,GA,KTVI,+30.902,-083.881,+0080.5,20100621,20180515,72073899999
720744,00271,PICKENS COUNTY AIRPORT,US,SC,KLQK,+34.817,-082.700,+0309.1,20130101,20180620,72074400271
720744,99999,PICKENS CO AIRPORT,US,SC,KLQK,+34.810,-082.703,+0308.8,20100719,20180322,72074499999
720746,99999,COVINGTON MUNI,US,GA,,+33.632,-083.850,+0242.3,20100901,20130430,72074699999
720768,00274,LEE COUNTY AIRPORT,US,VA,K0VG,+36.654,-083.218,+0430.1,20130101,20180620,72076800274
720768,99999,LEE CO,US,VA,K0VG,+36.654,-083.218,+0430.1,20100921,20180515,72076899999
720775,99999,ELLINGTON,US,TN,KLUG,+35.507,-086.804,+0218.5,20180403,20180619,72077599999
720777,99999,LAWRENCEVILLE BRUNSWICK MUNI,US,VA,KLVL,+36.773,-077.794,+0100.3,20140625,20180619,72077799999
720897,99999,MONROE WALTON CO,US,GA,KD73,+33.782,-083.693,+0264.3,20170817,20180619,72089799999
720907,99999,CAMPBELL CO,US,TN,KJAU,+36.335,-084.162,+0359.7,20150608,20180619,72090799999
720948,00328,JIMMY CARTER REGIONAL AIRPORT,US,GA,KACJ,+32.110,-084.189,+0142.7,20130101,20180620,72094800328
720948,99999,SOUTHER FLD,US,GA,KACJ,+32.111,-084.189,+0143.6,20110711,20180516,72094899999
720951,00330,EAST GEORGIA REGIONAL AIRPORT,US,GA,KSBO,+32.609,-082.370,+0100.3,20151209,20180620,72095100330
720951,99999,EMANUEL CO,US,GA,KSBO,+32.609,-082.370,+0100.0,20110704,20180516,72095199999
720959,99999,BUTLER MUNI,US,GA,,+32.568,-084.251,+0203.3,20111021,20121031,72095999999
720962,00337,HEART OF GEORGIA REGIONAL AIRPORT,US,GA,KEZM,+32.214,-083.128,+0093.3,20130101,20180620,72096200337
720962,99999,HEART OF GEORGIA RGNL,US,GA,KEZM,+32.214,-083.128,+0092.7,20111021,20180520,72096299999
720966,00339,GRIFFIN SPALDING COUNTY AIRPORT,US,GA,K6A2,+33.227,-084.275,+0292.3,20130101,20180620,72096600339
720966,99999,GRIFFIN SPALDING CO,US,GA,K6A2,+33.227,-084.275,+0292.0,20111118,20180303,72096699999
720974,00344,WINCHESTER MUNICIPAL AIRPORT,US,TN,KBGF,+35.178,-086.066,+0298.1,20130101,20180620,72097400344
720974,99999,WINCHESTER MUNI,US,TN,KBGF,+35.178,-086.066,+0298.4,20120209,20180516,72097499999
721031,00348,TULLAHOMA REGIONAL AIRPORT WILLIAM NORTHERN FIELD,US,TN,KTHA,+35.380,-086.246,+0330.1,20130101,20180620,72103100348
721031,99999,TULLAHOMA RGNL WM NORTHERN FLD,US,TN,KTHA,+35.380,-086.246,+0329.8,20120408,20180515,72103199999
721033,00350,FITZGERALD MUNICIPAL AIRPORT,US,GA,KFZG,+31.684,-083.270,+0111.3,20130101,20180620,72103300350
721033,99999,FITZGERALD MUNI,US,GA,KFZG,+31.684,-083.270,+0111.3,20120620,20180515,72103399999
721035,00352,HAZLEHURST AIRPORT,US,GA,KAZE,+31.885,-082.647,+0078.0,20130101,20180620,72103500352
721035,99999,HAZLEHURST,US,GA,KAZE,+31.885,-082.647,+0077.7,20120705,20180516,72103599999
722062,63842,DOUGLAS MUNICIPAL AIRPORT,US,GA,KDQH,+31.477,-082.861,+0078.3,20060101,20180620,72206263842
722062,99999,DOUGLAS MUNI,US,GA,KDQH,+31.478,-082.860,+0078.0,20040510,20071231,72206299999
722070,03822,SAVANNAH/HILTON HEAD INTL AIRPORT,US,GA,KSAV,+32.131,-081.202,+0014.0,19480101,20180620,72207003822
722072,03894,CLARKSVILLE,US,TN,KCKV,+36.624,-087.419,+0167.6,20060101,20100801,72207203894
722072,99999,CLARKSVILLE,US,TN,,+36.617,-087.417,+0165.0,20040608,20100817,72207299999
722077,99999,TYBEE COAST GUARD STATION,US,GA,,+32.020,-080.850,+0002.0,19750911,19871030,72207799999
722080,13880,CHARLESTON AFB/INTERNATIONAL AIRPORT,US,SC,KCHS,+32.899,-080.041,+0012.2,19450101,20180620,72208013880
722083,99999,CHARLESTON AFB,US,SC,,+32.900,-080.050,+0014.0,19951004,19951005,72208399999
722085,93831,BEAUFORT MCAS,US,SC,KNBC,+32.483,-080.717,+0011.3,19450401,20180620,72208593831
722086,13758,CHARLESTON NAS,US,SC,KNAO,+32.850,-079.950,+0001.0,19730201,19800730,72208613758
722086,99999,CHARLESTON NS,US,SC,KNAO,+32.860,-079.950,+0001.0,20000129,20020625,72208699999
722090,03875,WRIGHT AAF AIRPORT,US,GA,KLHW,+31.883,-081.567,+0013.7,20060103,20180620,72209003875
722090,99999,FT STEWART/WRIGHT,US,GA,KLHW,+31.883,-081.567,+0014.0,19670201,20071231,72209099999
722109,00355,CHEROKEE COUNTY AIRPORT,US,GA,KCNI,+34.317,-084.417,+0372.2,20180101,20180620,72210900355
722109,99999,CHEROKEE COUNTY AIRPORT,US,GA,KCNI,+34.300,-084.417,+0372.0,20040525,20071231,72210999999
722130,13861,WAYCROSS-WARE CO. AIRPORT,US,GA,KAYS,+31.250,-082.400,+0043.3,19421201,20180620,72213013861
722130,99999,WAYCROSS/WARE CO.,US,GA,KAYS,+31.250,-082.400,+0046.0,20001004,20031231,72213099999
722134,63822,VIDALIA REGIONAL AIRPORT,US,GA,KVDI,+32.193,-082.372,+0083.5,20060101,20180620,72213463822
722134,99999,VIDALIA RGNL,US,GA,KVDI,+32.200,-082.367,+0084.0,20010705,20071231,72213499999
722135,13870,ALMA/BACON CO.,US,GA,KAMG,+31.536,-082.507,+0062.8,19730101,20100801,72213513870
722135,99999,ALMA/BACON CO.,US,GA,,+31.533,-082.500,+0061.0,20100801,20100817,72213599999
722136,53883,BRUNSWICK GOLDEN ISLES APT,US,GA,KBQK,+31.259,-081.466,+0007.9,20060101,20180620,72213653883
722136,99999,BRUNSWICK GOLDEN IS,US,GA,KBQK,+31.250,-081.467,+0008.0,19730101,20071231,72213699999
722137,13878,MALCOLM MC KINNON AIRPORT,US,GA,KSSI,+31.152,-081.391,+0004.9,19730101,20180620,72213713878
722147,53817,MOULTRIE MUNICIPAL AIRPORT,US,GA,KMGR,+31.083,-083.800,+0086.3,20060101,20180620,72214753817
722147,99999,MOULTRIE MUNI,US,GA,KMGR,+31.085,-083.803,+0090.0,19420501,20071231,72214799999
722150,99999,PEACHTREE CITY,US,GA,,+33.356,-084.567,+0244.9,19990428,20060212,72215099999
722154,53885,DALTON MUNICIPAL AIRPORT,US,GA,KDNN,+34.722,-084.869,+0216.4,20060101,20180620,72215453885
722154,99999,DALTON,US,GA,KDNN,+34.722,-084.869,+0216.0,19990114,20071231,72215499999
722156,53873,CARTERSVILLE AIRPORT,US,GA,KVPC,+34.123,-084.849,+0232.6,20060101,20180620,72215653873
722156,99999,CARTERSVILLE,US,GA,KVPC,+34.117,-084.850,+0231.0,20010705,20071231,72215699999
722160,13869,SW GEORGIA REGIONAL ARPT,US,GA,KABY,+31.536,-084.194,+0057.9,19730101,20180620,72216013869
722160,99999,ALBANY MUNICIPAL,US,GA,KABY,+31.533,-084.183,+0059.0,20000101,20031231,72216099999
722166,93845,VALDOSTA REGIONAL AIRPORT,US,GA,KVLD,+30.783,-083.277,+0060.4,19480101,20180620,72216693845
722166,99999,VALDOSTA RGNL,US,GA,KVLD,+30.783,-083.267,+0062.0,20000101,20031231,72216699999
722167,03718,ORANGE COUNTY AIRPORT,US,VA,KOMH,+38.247,-078.046,+0143.0,20060101,20180620,72216703718
722167,99999,ORANGE CO,US,VA,KOMH,+38.250,-078.050,+0142.0,19570101,20071231,72216799999
722170,03813,MIDDLE GEORGIA REGIONAL AIRPORT,US,GA,KMCN,+32.685,-083.653,+0104.6,19411020,20180620,72217003813
722175,13860,ROBINS AFB AIRPORT,US,GA,KWRB,+32.633,-083.600,+0089.6,19420807,20180620,72217513860
722175,99999,ROBINS AFB,US,GA,KWRB,+32.633,-083.600,+0090.0,20000101,20071231,72217599999
722176,53884,NEWNAN COWETA COUNTY ARPT,US,GA,KCCO,+33.312,-084.770,+0295.7,20060101,20180620,72217653884
722176,99999,NEWNAN COWETA CO,US,GA,KCCO,+33.317,-084.767,+0296.0,19990114,20071231,72217699999
722180,03820,AUGUSTA REGIONAL AT BUSH FIELD AP,US,GA,KAGS,+33.364,-081.963,+0040.2,19480101,20180620,72218003820
722181,13837,DANIEL FIELD AIRPORT,US,GA,KDNL,+33.467,-082.039,+0128.9,20060101,20180620,72218113837
722181,99999,DANIEL FIELD,US,GA,KDNL,+33.467,-082.039,+0129.0,19420703,20071231,72218199999
722184,99999,PLAINS / PETERSON FIELD,US,GA,,+32.080,-084.370,+0160.0,19771221,19810122,72218499999
722185,53838,LEE GILMER MEMORIAL ARPT,US,GA,KGVL,+34.272,-083.830,+0388.6,20060101,20180620,72218553838
722185,99999,LEE GILMER MEM,US,GA,KGVL,+34.267,-083.833,+0389.0,19970718,20071231,72218599999
722190,13874,HARTSFIELD-JACKSON ATLANTA INTL AP,US,GA,KATL,+33.630,-084.442,+0307.9,19730101,20180620,72219013874
722195,03888,FULTON CO-BROWN FLD ARPT,US,GA,KFTY,+33.779,-084.521,+0256.0,20060101,20180620,72219503888
722195,99999,FULTON CO ARPT BROW,US,GA,KFTY,+33.767,-084.517,+0256.0,19730101,20071231,72219599999
722196,53863,DEKALB-PEACHTREE AIRPORT,US,GA,KPDK,+33.875,-084.302,+0305.4,20060101,20180620,72219653863
722196,99999,DEKALB PEACHTREE,US,GA,KPDK,+33.867,-084.300,+0306.0,19810801,20071231,72219699999
722197,53819,PCHTRE CTY-FALCON FLD ARPT,US,GA,KFFC,+33.355,-084.567,+0243.2,20060101,20180620,72219753819
722197,99999,PEACHTREE CITY FALCO,US,GA,KFFC,+33.357,-084.572,+0246.0,19960201,20071231,72219799999
722216,99999,NORTH AF AUX,US,SC,KXNO,+33.615,-081.084,+0097.8,20071024,20180618,72221699999
722217,63881,W H `BUD` BARRON AIRPORT,US,GA,KDBN,+32.564,-082.985,+0094.2,20060101,20180620,72221763881
722217,99999,W H BUD BARRON,US,GA,KDBN,+32.564,-082.985,+0094.0,20050628,20071231,72221799999
722250,13829,LAWSON AAF AIRPORT,US,GA,KLSF,+32.350,-085.000,+0070.7,19390501,20180620,72225013829
722250,99999,FORT BENNING,US,GA,KLSF,+32.333,-085.000,+0071.0,20000101,20071231,72225099999
722255,93842,COLUMBUS METRO AIRPORT,US,GA,KCSG,+32.516,-084.942,+0119.5,19480101,20180620,72225593842
722270,13864,DOBBINS AIR RESERVE BASE AIRPORT,US,GA,KMGE,+33.917,-084.517,+0325.5,19460901,20180620,72227013864
722270,99999,MARIETTA/DOBBINS AF,US,GA,KMGE,+33.917,-084.517,+0326.0,20000101,20071231,72227099999
722273,99999,ATLANTA (NAVRES),US,GA,,+33.917,-084.517,+0326.0,20030712,20030712,72227399999
722691,00366,CLAXTON EVANS COUNTY AIRPORT,US,GA,KCWV,+32.200,-081.870,+0034.1,20130101,20180620,72269100366
722691,99999,CLAXTON EVANS CO,US,GA,KCWV,+32.195,-081.870,+0034.1,20080107,20180515,72269199999
722692,00367,WARRENTON FAUQUIER AIRPORT,US,VA,KHWY,+38.586,-077.711,+0103.0,20130101,20180620,72269200367
722692,99999,WARRENTON,US,VA,KHWY,+38.583,-077.717,+0102.7,20080115,20180515,72269299999
722781,99999,HENRY CO,US,TN,KPHT,+36.338,-088.383,+0176.8,20140530,20180619,72278199999
723075,13769,OCEANA NAS,US,VA,KNTU,+36.817,-076.033,+0007.0,19730101,20180620,72307513769
723077,99999,NORFOLK / CHESAPEAK,US,VA,,+36.900,-075.720,+0023.0,19750916,19840107,72307799999
723078,99999,MARKS MUNI,US,VA,,+36.596,-078.560,+0128.3,19890918,19900206,72307899999
723080,13737,NORFOLK INTERNATIONAL AIRPORT,US,VA,KORF,+36.903,-076.192,+0009.1,19730101,20180620,72308013737
723083,13763,FRANKLIN MUNICIPAL-JOHN BEVERLY ROSE AIRPORT,US,VA,KFKN,+36.698,-076.903,+0012.5,19941016,20180620,72308313763
723083,99999,FRANKLIN MUNI JB ROS,US,VA,KFKN,+36.698,-076.904,+0012.0,20000101,20031231,72308399999
723084,93775,HANOVER CO MUNICIPAL ARPT,US,VA,KOFP,+37.708,-077.434,+0062.5,20170510,20180620,72308493775
723084,99999,HANOVER CO MUNI,US,VA,KOFP,+37.709,-077.437,+0063.0,19860620,20180516,72308499999
723085,13750,NORFOLK NAS,US,VA,KNGU,+36.937,-076.289,+0005.2,19730101,20180620,72308513750
723086,93741,NWPT NEWS/WIMBURG INTL APT,US,VA,KPHF,+37.132,-076.493,+0012.8,20000101,20180620,72308693741
723086,99999,NEWPORT NEWS WILLIA,US,VA,KPHF,+37.133,-076.483,+0013.0,19730101,19991231,72308699999
723087,93735,FELKER ARMY AIRFIELD,US,VA,KFAF,+37.133,-076.600,+0003.7,19601101,20180620,72308793735
723087,99999,FELKER AAF,US,VA,KFAF,+37.133,-076.609,+0004.0,20000103,20071231,72308799999
723089,13755,CHINCOTEAGUE,US,VA,K0W8,+37.933,-075.383,+0002.0,19821019,19960630,72308913755
723098,93798,CULPEPER REGIONAL AIRPORT,US,VA,KCJR,+38.527,-077.859,+0096.3,20060101,20180620,72309893798
723098,99999,CULPEPER RGNL,US,VA,KCJR,+38.533,-077.867,+0096.0,19730623,20071231,72309899999
723100,13883,COLUMBIA METROPOLITAN AIRPORT,US,SC,KCAE,+33.942,-081.118,+0068.6,19420424,20180620,72310013883
723104,53867,COLUMBIA OWENS DOWNTOWN AP,US,SC,KCUB,+33.971,-080.996,+0064.6,20060101,20180620,72310453867
723104,99999,COLUMBIA OWENS APT,US,SC,KCUB,+33.967,-080.983,+0059.0,19790513,20071231,72310499999
723105,03858,MCENTIRE AIR NATIONAL GUARD STATION,US,SC,KMMT,+33.967,-080.800,+0077.4,20060104,20180620,72310503858
723105,93833,MC ENTIRE JNGB,US,SC,KMMT,+33.921,-080.801,+0077.0,19590206,19991231,72310593833
723105,99999,MC ENTIRE JNGB,US,SC,KMMT,+33.921,-080.801,+0077.0,20000103,20071229,72310599999
723106,13744,FLORENCE REGIONAL AIRPORT,US,SC,KFLO,+34.185,-079.724,+0044.5,19730101,20180620,72310613744
723107,00371,SANTEE COOPER REGIONAL AIRPORT,US,SC,KMNI,+33.587,-080.209,+0031.1,20150224,20180620,72310700371
723107,99999,SANTEE COOPER RGNL,US,SC,KMNI,+33.587,-080.209,+0031.4,20081208,20180226,72310799999
723110,13873,ATHENS/BEN EPPS AIRPORT,US,GA,KAHN,+33.948,-083.328,+0239.3,19730101,20180620,72311013873
723114,03715,LOUISA CO/FREEMAN FLD ARPT,US,VA,KLKU,+38.010,-077.970,+0150.3,20060101,20180620,72311403715
723114,99999,LOUISA CO FREEMAN FL,US,VA,KLKU,+38.017,-077.967,+0150.0,19990114,20071231,72311499999
723115,53854,ORANGEBURG MUNICIPAL ARPT,US,SC,KOGB,+33.462,-080.858,+0060.1,20060101,20180620,72311553854
723115,99999,ORANGEBURG MUNI,US,SC,KOGB,+33.450,-080.867,+0059.0,19990114,20071231,72311599999
723116,03742,DARLINGTON COUNTY JETPORT AIRPORT,US,SC,KUDG,+34.466,-079.890,+0058.5,20060101,20180620,72311603742
723116,99999,DARLINGTON CO JETPOR,US,SC,KUDG,+34.450,-079.883,+0059.0,19990114,20071231,72311699999
723117,53871,RK HL/YORK CO/BRYNT FD APT,US,SC,KUZA,+34.987,-081.058,+0203.9,20060101,20180620,72311753871
723117,99999,ROCK HILL YORK CO,US,SC,KUZA,+34.983,-081.050,+0203.0,20010811,20071231,72311799999
723118,53850,OCCONEE COUNTY RGNL ARPT,US,SC,KCEU,+34.672,-082.886,+0271.6,20060101,20180620,72311853850
723118,99999,OCONEE CO RGNL,US,SC,KCEU,+34.667,-082.883,+0272.0,20010811,20071231,72311899999
723119,13886,GREENVILLE DOWNTOWN ARPT,US,SC,KGMU,+34.846,-082.346,+0319.4,19420908,20180620,72311913886
723119,99999,GREENVILLE DOWNTOWN,US,SC,KGMU,+34.850,-082.350,+0319.0,20000101,20031231,72311999999
723120,03870,GREENVILLE-SPARTANBURG INTL AIRPORT,US,SC,KGSP,+34.884,-082.221,+0287.4,19730101,20180620,72312003870
723122,63889,DONALDSON CENTER AIRPORT,US,SC,KGYH,+34.758,-082.376,+0291.1,20060101,20180620,72312263889
723122,99999,GREENVILLE,US,SC,KGYH,+34.750,-082.367,+0291.0,20050611,20071231,72312299999
723124,53874,GREENWOOD COUNTY AIRPORT,US,SC,KGRD,+34.249,-082.159,+0192.3,20060101,20180620,72312453874
723124,99999,GREENWOOD CO,US,SC,KGRD,+34.249,-082.167,+0192.0,20010811,20071231,72312499999
723125,93846,ANDERSON RGNL,US,SC,KAND,+34.498,-082.710,+0235.6,19730101,20100801,72312593846
723125,99999,ANDERSON RGNL,US,SC,,+34.483,-082.700,+0244.0,20100801,20100817,72312599999
723126,93804,SPARTANBURG DOWNTOWN MEMORIAL AIRPORT,US,SC,KSPA,+34.917,-081.950,+0244.1,19730101,19820320,72312693804
723126,99999,SPARTANBURG DOWNTOWN MEM,US,SC,KSPA,+34.916,-081.957,+0244.1,20090420,20180619,72312699999
723160,13870,BACON COUNTY AIRPORT,US,GA,KAMG,+31.536,-082.507,+0058.8,20100801,20180620,72316013870
723180,99999,BLACKSBURG,US,VA,,+37.200,-080.400,+0641.9,19960101,20050403,72318099999
723181,13877,BRISTOL TRI CITY AIRPORT,US,TN,KTRI,+36.473,-082.404,+0464.8,19730101,19900228,72318113877
723183,13877,TRI CITIES RGNL,US,TN,KTRI,+36.473,-082.404,+0464.8,19900228,20100801,72318313877
723183,99999,TRI CITIES RGNL,US,TN,,+36.467,-082.400,+0475.0,20100801,20100817,72318399999
723190,93846,ANDERSON REGIONAL AIRPORT,US,SC,KAND,+34.498,-082.710,+0231.7,20100801,20180620,72319093846
723200,93801,RICHARD B RUSSELL AIRPORT,US,GA,KRMG,+34.348,-085.161,+0194.8,19780101,20180620,72320093801
723200,99999,ROME/RUSSELL(RAMOS),US,GA,KRMG,+34.350,-085.167,+0196.0,20000101,20031231,72320099999
723240,13882,LOVELL FIELD AIRPORT,US,TN,KCHA,+35.034,-085.200,+0204.2,19730101,20180620,72324013882
723244,99999,DALLAS BAY SKY PARK,US,TN,KCQN,+35.188,-085.178,+0210.3,19801205,19900801,72324499999
723245,99999,MONTEAGLE,US,TN,MGL,+35.250,-085.850,+0586.0,19730101,19990823,72324599999
723246,53868,OAK RIDGE,US,TN,KOQT,+36.024,-084.238,+0277.4,19990102,20100801,72324653868
723246,99999,OAK RIDGE,US,TN,,+36.017,-084.233,+0279.0,20100801,20100817,72324699999
723249,00463,MAURY COUNTY AIRPORT,US,TN,KMRC,+35.554,-087.179,+0207.9,20130309,20180620,72324900463
723249,99999,MAURY CO,US,TN,KMRC,+35.554,-087.179,+0207.6,20160125,20180514,72324999999
723250,03847,CROSSVILLE MEMORIAL -WHITSON FIELD APT,US,TN,KCSV,+35.951,-085.081,+0569.1,20100801,20180620,72325003847
723260,13891,MC GHEE TYSON AIRPORT,US,TN,KTYS,+35.818,-083.986,+0293.2,19480101,20180620,72326013891
723263,99999,FAYETTEVILLE/KELSO,US,TN,,+35.133,-086.550,+0198.0,19881208,19891112,72326399999
723264,99999,KNOXVILLE DOWNTOWN ISLAND,US,TN,KDKX,+35.964,-083.874,+0253.9,19790507,20180619,72326499999
723265,03847,CROSSVILLE MEM WHIT,US,TN,KCSV,+35.951,-085.081,+0570.0,19730101,20100801,72326503847
723265,99999,CROSSVILLE MEM WHIT,US,TN,,+35.950,-085.083,+0588.0,20100801,20100817,72326599999
723270,13897,NASHVILLE INTERNATIONAL AIRPORT,US,TN,KBNA,+36.119,-086.689,+0182.9,19510701,20180620,72327013897
723271,99999,JOHN C TUNE,US,TN,KJWN,+36.182,-086.887,+0150.9,20151210,20180619,72327199999
723273,13827,SMYRNA AIRPORT,US,TN,KMQY,+36.009,-086.520,+0165.5,20060101,20180620,72327313827
723273,99999,SMYRNA,US,TN,KMQY,+36.000,-086.517,+0166.0,19420816,20071231,72327399999
723274,00372,UPPER CUMBERLAND REGIONAL AIRPORT,US,TN,KSRB,+36.056,-085.531,+0312.1,20151107,20180620,72327400372
723274,99999,UPPER CUMBERLAND RGNL,US,TN,KSRB,+36.056,-085.531,+0312.4,19810220,20180514,72327499999
723275,99999,CLARKSVILLE/OUTLAW,US,TN,CKV,+36.617,-087.417,+0168.0,19730418,19810915,72327599999
723280,03894,OUTLAW FIELD AIRPORT,US,TN,KCKV,+36.624,-087.419,+0170.7,20100801,20180620,72328003894
723284,93839,MILLINGTON MUNICIPAL AIRPORT,US,TN,KNQA,+35.350,-089.867,+0097.5,20060101,20180620,72328493839
723284,99999,MILLINGTON MUNI ARP,US,TN,KNQA,+35.350,-089.867,+0098.0,20010811,20071231,72328499999
723340,13893,MEMPHIS INTERNATIONAL AIRPORT,US,TN,KMEM,+35.056,-089.987,+0077.4,19461001,20180620,72334013893
723345,93839,MEMPHIS NAS,US,TN,KNQA,+35.350,-089.867,+0097.5,19730101,19960429,72334593839
723346,03811,MCKELLAR-SIPES RGNL ARPT,US,TN,KMKL,+35.593,-088.917,+0132.0,19730101,20180620,72334603811
723347,03809,DYERSBURG MUNICIPAL ARPT,US,TN,KDYR,+36.000,-089.409,+0091.4,19430412,20180620,72334703809
723347,99999,DYERSBURG MUNI,US,TN,KDYR,+36.000,-089.400,+0103.0,20000101,20031231,72334799999
723350,13877,TRI-CITIES REGIONAL TN/VA AIRPORT,US,TN,KTRI,+36.480,-082.399,+0456.3,20100801,20180620,72335013877
724006,03701,CHESAPEAKE REGIONAL ARPT,US,VA,KCPK,+36.666,-076.321,+0006.1,20060101,20180620,72400603701
724006,99999,CHESAPEAKE RGNL,US,VA,KCPK,+36.667,-076.317,+0006.0,20010811,20071231,72400699999
724007,03719,SUFFOLK MUNICIPAL AIRPORT,US,VA,KSFQ,+36.682,-076.602,+0022.0,20060101,20180620,72400703719
724007,99999,SUFFOLK EXECUTIVE,US,VA,KSFQ,+36.683,-076.600,+0022.0,19990114,20071231,72400799999
724010,13740,RICHMOND INTERNATIONAL AIRPORT,US,VA,KRIC,+37.512,-077.323,+0050.0,19420924,20180620,72401013740
724014,93714,DINWIDDIE COUNTY AIRPORT,US,VA,KPTB,+37.183,-077.500,+0058.8,20060101,20180620,72401493714
724014,99999,DINWIDDIE CO,US,VA,KPTB,+37.183,-077.500,+0059.0,19920807,20071231,72401499999
724015,13726,FT PICKETT/BLACKSTO,US,VA,KBKT,+37.083,-077.950,+0134.0,19430601,19430701,72401513726
724015,99999,ALLEN C PERKINSON BLACKSTONE AAF,US,VA,KBKT,+37.074,-077.958,+0133.8,20030922,20180619,72401599999
724016,93736,CHARLOTTES-ALBEMARLE ARPT,US,VA,KCHO,+38.139,-078.453,+0195.4,19730101,20180620,72401693736
724016,99999,CHARLOTTESVILLE ALB,US,VA,KCHO,+38.133,-078.450,+0195.0,20000101,20031231,72401699999
724017,03707,FARMVILLE REGIONAL AIRPORT,US,VA,KFVX,+37.358,-078.438,+0127.1,20060101,20180620,72401703707
724017,99999,FARMVILLE RGNL,US,VA,KFVX,+37.350,-078.433,+0127.0,19940718,20071231,72401799999
724019,93773,WAKEFIELD MUNICIPAL ARPT,US,VA,KAKQ,+36.984,-077.007,+0033.2,20060101,20180620,72401993773
724019,99999,WAKEFIELD MUNI,US,VA,KAKQ,+36.983,-077.000,+0034.0,19971210,20071231,72401999999
724020,93739,WALLOPS FLIGHT FACILITY AIRPORT,US,VA,KWAL,+37.937,-075.471,+0014.0,19730101,20180620,72402093739
724020,99999,WALLOPS ISL STN,US,VA,KWAL,+37.933,-075.483,+0012.0,19800101,19850311,72402099999
724024,93739,WALLOPS ISLAND UAU,US,VA,KWAL,+37.937,-075.471,+0014.6,19791231,19910228,72402493739
724025,99999,WEIRWOOD / KELLAM FIELD,US,VA,,+37.470,-075.880,+0012.0,19850814,19870813,72402599999
724026,03716,ACCOMACK COUNTY AIRPORT,US,VA,KMFV,+37.647,-075.761,+0014.3,20060101,20180620,72402603716
724026,99999,ACCOMACK CO,US,VA,KMFV,+37.647,-075.761,+0014.0,19750916,20071231,72402699999
724027,99999,PARRAMORE BEACH,US,VA,,+37.530,-075.620,+0001.0,19750916,19940630,72402799999
724028,99999,CAPE CHARLES COAST GUARD STATION,US,VA,,+37.250,-076.000,+0002.0,19790507,19910113,72402899999
724029,93775,RICHMOND (ASOS),US,VA,KOFP,+37.708,-077.434,+0062.5,20060101,20171231,72402993775
724029,99999,RICHMOND (ASOS),US,VA,,+37.700,-077.433,+0063.0,19970318,19970318,72402999999
724030,93738,WASHINGTON DULLES INTERNATIONAL AP,US,VA,KIAD,+38.935,-077.447,+0088.4,19730101,20180620,72403093738
724033,03706,SHANNON AIRPORT,US,VA,KEZF,+38.267,-077.449,+0025.9,20060101,20180620,72403303706
724033,99999,SHANNON,US,VA,KEZF,+38.267,-077.450,+0026.0,19941016,20071231,72403399999
724035,13773,QUANTICO MCAF,US,VA,KNYG,+38.504,-077.305,+0003.1,19730101,20180620,72403513773
724036,03710,MANSAS RGNL/H P DAVS FD AP,US,VA,KHEF,+38.721,-077.515,+0058.5,20060101,20180620,72403603710
724036,99999,MANASSAS RGNL DAVIS,US,VA,KHEF,+38.721,-077.515,+0059.0,19920408,20071231,72403699999
724037,93728,DAVISON AAF AIRPORT,US,VA,KDAA,+38.717,-077.183,+0022.3,19570201,20180620,72403793728
724037,99999,DAVISON AAF,US,VA,KDAA,+38.717,-077.183,+0022.0,20000101,20071231,72403799999
724049,99999,SMITH POINT / SUNNYBANK,US,VA,,+37.880,-076.180,+0001.0,19760130,19770110,72404999999
724050,13743,RONALD REAGAN WASHINGTON NATL AP,US,VA,KDCA,+38.847,-077.035,+0003.1,19360901,20180620,72405013743
724053,03717,WINCHESTER REGIONAL ARPT,US,VA,KOKV,+39.143,-078.144,+0221.6,20060101,20180620,72405303717
724053,99999,WINCHESTER RGNL,US,VA,KOKV,+39.150,-078.150,+0222.0,19950101,20071231,72405399999
724055,03714,LESSBURG EXECUTIVE AIRPORT,US,VA,KJYO,+39.078,-077.558,+0118.6,20060101,20180620,72405503714
724055,99999,LEESBURG EXECUTIVE,US,VA,KJYO,+39.078,-077.558,+0119.0,19950101,20071231,72405599999
724056,63805,MOUNTIAN EMPIRE AIRPORT,US,VA,KMKJ,+36.895,-081.350,+0780.0,20060101,20180620,72405663805
724056,99999,MOUNTAIN EMPIRE,US,VA,KMKJ,+36.895,-081.350,+0780.0,19950423,20071231,72405699999
724058,53818,VIRGINIA HIGHLANDS AIRPORT,US,VA,KVJI,+36.683,-082.033,+0630.9,20060101,20180620,72405853818
724058,99999,VIRGINIA HIGHLANDS,US,VA,KVJI,+36.683,-082.033,+0636.0,19840607,20071231,72405899999
724100,13733,LYNCHBURG RGNL/PRESTON GLENN FLD AP,US,VA,KLYH,+37.321,-079.207,+0286.5,19730101,20180620,72410013733
724105,93760,SHENANDOAH VALLEY RGNL ART,US,VA,KSHD,+38.264,-078.896,+0366.1,20060101,20180620,72410593760
724105,99999,SHENANDOAH VALLEY RG,US,VA,KSHD,+38.267,-078.900,+0366.0,19730101,20071231,72410599999
724106,13728,DANVILLE REGIONAL AIRPORT,US,VA,KDAN,+36.573,-079.335,+0174.0,19730101,20180620,72410613728
724106,99999,DANVILLE RGNL,US,VA,KDAN,+36.567,-079.333,+0174.0,20000101,20031231,72410699999
724107,53895,TWIN COUNTY AIRPORT,US,VA,KHLX,+36.766,-080.823,+0820.8,20060101,20180620,72410753895
724107,99999,TWIN COUNTY,US,VA,KHLX,+36.767,-080.817,+0821.0,19950101,20071231,72410799999
724110,13741,ROANOKE REGIONAL/WOODRUM FIELD AP,US,VA,KROA,+37.317,-079.974,+0358.1,19730101,20180620,72411013741
724113,53881,VIRGINIA TECH AIRPORT,US,VA,KBCB,+37.208,-080.408,+0649.8,20060101,20180620,72411353881
724113,99999,VIRGINIA TECH ARPT,US,VA,KBCB,+37.208,-080.408,+0650.0,19941016,20071231,72411399999
724115,93757,INGALLS FIELD AIRPORT,US,VA,KHSP,+37.950,-079.817,+1156.1,20060101,20180620,72411593757
724115,99999,INGALLS FLD,US,VA,KHSP,+37.950,-079.833,+1156.0,19730101,20071231,72411599999
724116,13868,NEW RIVER VALLEY AIRPORT,US,VA,KPSK,+37.133,-080.683,+0641.6,19940818,20180620,72411613868
724116,99999,DUBLIN/NEW RIV VLLY,US,VA,KPSK,+37.133,-080.683,+0642.0,20000101,20031231,72411699999
724117,63802,LONESOME PINE AIRPORT,US,VA,KLNP,+36.988,-082.530,+0818.1,20060101,20180620,72411763802
724117,99999,LONESOME PINE,US,VA,KLNP,+36.983,-082.533,+0818.0,19800227,20071231,72411799999
724118,93797,MCKNBRG-BRUNWICK RGNL ARPT,US,VA,KAVC,+36.688,-078.054,+0134.7,20060101,20180620,72411893797
724118,99999,MECKLENBURG BRUNSWI,US,VA,KAVC,+36.683,-078.050,+0135.0,19970123,20071231,72411899999
724270,03804,OAK RIDGE,US,TN,KPKB,+39.200,-081.270,+0263.3,19730101,19850531,72427003804
724270,53868,OAK RIDGE,US,TN,KOQT,+36.023,-084.234,+0274.3,20100801,20180620,72427053868
724270,99999,OAK RIDGE,US,TN,KOQT,+36.017,-084.217,+0279.0,20020503,20060202,72427099999
725172,13762,NAVAL AUXILIARY LANDING FIELD,US,VA,KNFE,+36.695,-076.136,+0004.9,20070601,20180620,72517213762
725258,00382,TOCCOA RG LETOURNEAU FIELD AIRPORT,US,GA,KTOC,+34.594,-083.296,+0303.3,20170519,20180620,72525800382
725258,99999,TOCCOA RG LETOURNEAU FLD,US,GA,KTOC,+34.594,-083.296,+0303.0,20120607,20180516,72525899999
745980,13702,LANGLEY AFB AIRPORT,US,VA,KLFI,+37.083,-076.360,+0003.1,19361001,20180620,74598013702
745980,99999,LANGLEY AFB/HAMPTON,US,VA,KLFI,+37.083,-076.350,+0006.0,20000101,20071231,74598099999
745985,63806,BLUE RIDGE AIRPORT,US,VA,KMTV,+36.631,-080.018,+0286.8,20060101,20180620,74598563806
745985,99999,BLUE RIDGE,US,VA,KMTV,+36.633,-080.017,+0287.0,19950708,20071231,74598599999
746720,99999,SABRE AHP,US,TN,KEOD,+36.568,-087.481,+0181.1,20010815,20180619,74672099999
747804,13824,HUNTER ARMY AIRFIELD,US,GA,KSVN,+32.017,-081.133,+0012.5,20060101,20180620,74780413824
747804,99999,HUNTER AAF,US,GA,KSVN,+32.009,-081.146,+0013.0,19440301,20071231,74780499999
747805,63818,STATESBORO-BULLOCK CO ARPT,US,GA,KTBR,+32.483,-081.737,+0057.0,20060101,20180620,74780563818
747805,99999,STATESBORO BULLOCH,US,GA,KTBR,+32.482,-081.733,+0057.0,20020423,20071231,74780599999
747806,63809,THOMASTON-UPSON CO AIRPORT,US,GA,KOPN,+32.955,-084.264,+0242.6,20060101,20180620,74780663809
747806,99999,THOMASTON UPSON CO,US,GA,KOPN,+32.950,-084.267,+0243.0,20020423,20071231,74780699999
747807,03821,LAGRANGE-CALLAWAY AIRPORT,US,GA,KLGC,+33.017,-085.067,+0207.9,20060101,20180620,74780703821
747807,99999,LAGRANGE CALLAWAY,US,GA,KLGC,+33.017,-085.067,+0211.0,19530701,20071231,74780799999
747808,63803,GWINNETT CO-BRISCOE FD APT,US,GA,KLZU,+33.980,-083.963,+0323.4,20060101,20180620,74780863803
747808,99999,GWINNETT COUNTY ARPT,US,GA,KLZU,+33.978,-083.962,+0323.0,20020430,20071231,74780899999
747809,03832,WINDER-BORROW AIRPORT,US,GA,KWDR,+33.983,-083.668,+0287.4,20060101,20180620,74780903832
747809,99999,WINDER BARROW,US,GA,KWDR,+33.983,-083.667,+0287.0,20020430,20071231,74780999999
747810,13857,MOODY AFB AIRPORT,US,GA,KVAD,+30.967,-083.200,+0071.0,20060103,20180620,74781013857
747810,99999,MOODY AFB/VALDOSTA,US,GA,KVAD,+30.967,-083.200,+0071.0,19420401,20071231,74781099999
747812,63813,COBB CO-MC COLLUM FLD ARPT,US,GA,KRYY,+34.013,-084.599,+0317.0,20060101,20180620,74781263813
747812,99999,COBB CO MCCOLLUM FLD,US,GA,KRYY,+34.013,-084.599,+0317.0,20020430,20071231,74781299999
747900,13849,SHAW AIR FORCE BASE,US,SC,KSSC,+33.967,-080.467,+0073.5,19411222,20180620,74790013849
747900,99999,SHAW AFB/SUMTER,US,SC,KSSC,+33.967,-080.483,+0073.0,20000103,20071231,74790099999
747910,13717,MYRTLE BEACH INTL AIRPORT,US,SC,KMYR,+33.683,-078.933,+0007.6,19421101,20180620,74791013717
747910,99999,MYRTLE BEACH CIV,US,SC,KMYR,+33.683,-078.933,+0008.0,20000101,20031231,74791099999
747915,93718,GRAND STRAND AIRPORT,US,SC,KCRE,+33.812,-078.724,+0009.8,19730101,20180620,74791593718
747915,99999,NORTH MYRTLE BEACH,US,SC,KCRE,+33.817,-078.717,+0010.0,20000101,20031231,74791599999
747917,00390,MT PLEASANT REGIONAL AIRPORT FASION FIELD,US,SC,KLRO,+32.900,-079.783,+0004.3,20170519,20180620,74791700390
747917,99999,MOUNT PLEASANT,US,SC,KLRO,+32.900,-079.783,+0003.7,20081208,20180515,74791799999
747918,00391,GEORGETOWN COUNTY AIRPORT,US,SC,KGGE,+33.317,-079.317,+0012.2,20170519,20180620,74791800391
747918,99999,GEORGETOWN CO,US,SC,KGGE,+33.312,-079.320,+0011.9,20090601,20180522,74791899999
747920,99999,POINSETT RANGE  SUMPTER,US,SC,,+33.850,-080.480,+0068.0,19700615,19880923,74792099999
749000,99999,ARNOLD AFB,US,TN,KAYX,+35.393,-086.086,+0324.6,19430101,19690801,74900099999
749083,99999,LEBANON,US,TN,,+36.183,-086.300,+0159.0,19440209,19440301,74908399999
749085,99999,HARRIS NECK AAF,US,GA,,+31.633,-081.267,+0006.0,19440501,19441214,74908599999
749088,99999,THOMASVILLE GEORGIA AAF,US,GA,TVI,+30.900,-083.850,+0074.0,20100610,20100621,74908899999
749090,99999,WALTERBORO MUNI,US,SC,,+32.917,-080.650,+0029.0,19420928,19451102,74909099999
749483,00394,JACKSON COUNTY AIRPORT,US,GA,K19A,+34.147,-083.561,+0290.2,20171004,20180620,74948300394
749483,99999,JACKSON CO,US,GA,,+34.174,-083.561,+0289.9,19450201,20180516,74948399999
749496,99999,MOGUL,US,GA,,+32.833,-083.567,+0141.0,19480101,19481201,74949699999
992014,99999,CAPE CHARLES,US,VA,,+37.023,-075.810,+0003.0,20130206,20180406,99201499999
993711,99999,SEWELLS POINT  VA,US,VA,,+36.950,-076.330,+0010.0,20050218,20180425,99371199999
994020,99999,CHESAPEAKE LIGHT  VA,US,VA,,+36.910,-075.710,+0000.0,19850501,20160623,99402099999
994830,99999,U.S. NAVY TOWER R2,US,GA,,+31.380,-080.570,+0050.0,20040608,20091001,99483099999
994860,99999,U.S. NAVY TOWER R8,US,GA,,+31.633,-079.917,+0034.0,20040608,20080415,99486099999
997174,99999,CHARLESTON,US,SC,,+32.782,-079.925,+0006.0,20121106,20180425,99717499999
997298,99999,CHEASAPEAKE BIO LAB,US,VA,,+38.317,-076.450,+0010.0,20050217,20081002,99729899999
997299,99999,CHEASAPEAKE BRIDGE,US,VA,,+36.970,-076.120,+0016.0,20050217,20170928,99729999999
997301,99999,FT PALASKI,US,GA,,+32.030,-080.900,+0006.0,20050217,20180425,99730199999
997304,99999,LEWISETTA  VA,US,VA,,+37.980,-076.470,+0010.0,20050218,20180425,99730499999
997305,99999,MONEY POINT  VA,US,VA,,+36.770,-076.300,+0010.0,20050217,20180425,99730599999
997306,99999,SPRINGMAID PIER,US,SC,,+33.650,-078.920,+0010.0,20050217,20180425,99730699999
997308,99999,RAPPAHANNOCK LGT,US,VA,,+37.530,-076.020,+0010.0,20050217,20180425,99730899999
997313,99999,WACHAPREAGUE,US,VA,,+37.600,-075.680,+0010.0,20050217,20180425,99731399999
997315,99999,YORKTOWN  VA,US,VA,,+37.220,-076.480,+0010.0,20050217,20180425,99731599999
997371,99999,KIPTOPEKE,US,VA,,+37.170,-075.980,+0007.0,20050405,20180425,99737199999
997686,99999,FRIPPS INLET,US,SC,,+32.330,-080.450,+0003.0,20060710,20080313,99768699999
997691,99999,CAPE HENRY,US,VA,,+36.930,-076.020,+0003.0,20060710,20180425,99769199999
997693,99999,S CRANEY ISLAND,US,VA,,+36.880,-076.330,+0003.0,20060710,20180425,99769399999
997708,99999,YORK RIVER E RANGE,US,VA,,+37.250,-076.330,+0010.0,20060710,20180425,99770899999
997709,99999,S CAPERS ISLAND,US,SC,,+32.850,-079.700,+0010.0,20060710,20080309,99770999999
997782,99999,DOMINION TERMINAL ASSOCIATION,US,VA,,+36.967,-076.417,+0002.0,20061121,20180425,99778299999
997783,99999,GODWIN ISLAND MET STATION,US,VA,,+37.217,-076.400,+0004.0,20061121,20090117,99778399999
997786,99999,VIMS PIER,US,VA,,+37.250,-076.500,+0005.0,20061121,20090117,99778699999
997852,99999,DATA BUOY 44053,US,VA,,+37.233,-076.500,+0003.0,20080724,20090117,99785299999
997981,99999,FOLLY BEACH PIER,US,SC,,+32.650,-079.933,+0003.0,20071017,20100916,99798199999
997990,99999,ACE BASIN RESERVE,US,SC,,+32.550,-080.450,+0005.0,20071016,20180425,99799099999
998005,99999,NORTH INLET-WINYAH BAY,US,SC,,+33.350,-079.183,+0004.0,20071016,20180425,99800599999
998010,99999,SAPELO ISLAND RESERVE,US,GA,,+31.417,-081.283,+0005.0,20071016,20180425,99801099999
998017,99999,CHESAPEAKE BAY,US,VA,,+37.417,-076.717,+0011.0,20071016,20180425,99801799999
998177,99999,LAKE MURRAY,US,SC,,+34.100,-081.267,+0109.0,20080116,20180425,99817799999
998186,99999,SPRINGMAID PIER,US,SC,,+33.650,-078.917,+0003.0,20090701,20101129,99818699999
998187,99999,LAKE MARION,US,SC,,+33.550,-080.500,+0025.0,20080529,20170401,99818799999
998208,99999,LAKE WATEREE,US,SC,,+34.333,-080.700,+0087.0,20080811,20180425,99820899999
998245,99999,WILLOUGHBY DEGUASSING STATION,US,VA,,+36.983,-076.317,+0003.0,20081114,20180425,99824599999
998324,99999,BUOY 44058 / STRINGRAY POINT,US,VA,,+37.552,-076.251,+0003.0,20130206,20180424,99832499999
998325,99999,BUOY 44059 / NORFOLK,US,VA,,+36.846,-076.298,+0003.0,20130206,20160515,99832599999
998328,99999,BUOY 44099 / CAPE HENRY,US,VA,,+36.908,-075.775,+0003.0,20130206,20180425,99832899999
998348,99999,BUOY 44041 / JAMESTOWN,US,VA,,+37.204,-076.777,+0003.0,20130206,20180103,99834899999
999999,03728,MCCLELLANVILLE 7 NE,US,SC,,+33.153,-079.364,+0002.7,20020815,20180619,99999903728
999999,03739,CAPE CHARLES 5 ENE,US,VA,,+37.291,-075.927,+0008.8,20040303,20180619,99999903739
999999,03759,CHARLOTTESVILLE 2 SSE,US,VA,,+37.998,-078.466,+0358.8,20070329,20180619,99999903759
999999,03813,MACON MIDDLE GA REGIONAL AP,US,GA,KMCN,+32.685,-083.653,+0110.3,19580101,19721231,99999903813
999999,03820,AUGUSTA BUSH FIELD,US,GA,KAGS,+33.364,-081.963,+0045.1,19570101,19721231,99999903820
999999,03822,SAVANNAH INTL AP,US,GA,KSAV,+32.130,-081.210,+0015.5,19650101,19721231,99999903822
999999,03841,ATDL,US,TN,,+35.998,-084.219,+0310.6,20060101,20160301,99999903841
999999,03858,MCENTIRE ANG,US,SC,KMMT,+33.967,-080.800,+0076.8,19590206,20041231,99999903858
999999,03870,GREENVILLE-SPARTANBURG INTL AIRPORT,US,SC,KGSP,+34.884,-082.221,+0296.0,19621015,19721231,99999903870
999999,03874,FORT BENNING MCKENNA,US,GA,MKF,+32.367,-084.800,+0134.1,19640302,19650722,99999903874
999999,13726,BLACKSTONE,US,VA,,+37.067,-077.950,+0134.1,19570101,19590101,99999913726
999999,13732,GORDONSVILLE FAA AP,US,VA,,+38.067,-078.150,+0135.0,19570101,19610420,99999913732
999999,13733,LYNCHBURG MUNICIPAL ARPT,US,VA,KLYH,+37.321,-079.207,+0285.9,19570101,19721231,99999913733
999999,13737,NORFOLK REGIONAL ARPT,US,VA,KORF,+36.903,-076.192,+0009.1,19570101,19721231,99999913737
999999,13740,RICHMOND INTL AP,US,VA,KRIC,+37.505,-077.320,+0049.7,19570101,19721231,99999913740
999999,13741,ROANOKE WOODRUM ARPT,US,VA,KROA,+37.317,-079.974,+0358.4,19570101,19721231,99999913741
999999,13743,WASHINGTON D C WASHNGTN-HOOVE,US,VA,KDCA,+38.848,-077.034,+0019.8,19700101,19721231,99999913743
999999,13744,FLORENCE CITY COUNTY AP,US,SC,KFLO,+34.185,-079.724,+0046.0,19570101,19650401,99999913744
999999,13750,NORFOLK NAS,US,VA,KNGU,+36.950,-076.283,+0004.9,19570101,19721231,99999913750
999999,13755,CHINCOTEAGUE NAS,US,VA,K0W8,+37.933,-075.433,+0014.9,19570101,19590316,99999913755
999999,13760,DAHLGREN WEAPONS LAB,US,VA,,+38.333,-077.033,+0006.1,19570101,19591115,99999913760
999999,13762,FENTRESS NAAS,US,VA,KNFE,+36.695,-076.136,+0004.9,19960702,20041231,99999913762
999999,13769,OCEANA NAS,US,VA,KNTU,+36.817,-076.033,+0006.7,19570101,19721231,99999913769
999999,13773,QUANTICO MCAS,US,VA,KNYG,+38.500,-077.300,+0003.7,19570101,19721231,99999913773
999999,13782,CUSTOM HOUSE (CITY OFC),US,SC,,+32.775,-079.924,+0003.1,20060101,20180501,99999913782
999999,13815,ALBANY NAVAL AIR STN,US,GA,,+31.583,-084.117,+0066.1,19720101,19721231,99999913815
999999,13822,GREENVILLE DONALDSON AFB,US,SC,,+34.767,-082.383,+0298.1,19570101,19630430,99999913822
999999,13829,FORT BENNING LAWSON,US,GA,KLSF,+32.350,-085.000,+0070.7,19710101,19710101,99999913829
999999,13855,TULLAHOMA AEDC SITE,US,TN,,+35.383,-086.233,+0328.9,19630101,19690801,99999913855
999999,13864,MARIETTA DOBBINS AAF,US,GA,KMGE,+33.917,-084.517,+0325.5,19710101,19710101,99999913864
999999,13870,ALMA BACON COUNTY AP,US,GA,KAMG,+31.536,-082.507,+0062.8,19570101,19590101,99999913870
999999,13873,ATHENS MUNICIPAL ARPT,US,GA,KAHN,+33.948,-083.328,+0244.4,19570101,19721231,99999913873
999999,13874,ATLANTA HARTSFIELD INTL AP,US,GA,KATL,+33.630,-084.442,+0312.7,19570101,19721231,99999913874
999999,13877,BRISTOL TRI CITY AIRPORT,US,TN,KTRI,+36.473,-082.404,+0464.8,19570101,19721231,99999913877
999999,13880,CHARLESTON,US,SC,KCHS,+32.899,-080.040,+0014.6,19710101,19721231,99999913880
999999,13882,CHATTANOOGA LOVELL FIELD AP,US,TN,KCHA,+35.031,-085.201,+0209.7,19570101,19721231,99999913882
999999,13883,COLUMBIA METRO ARPT,US,SC,KCAE,+33.942,-081.118,+0068.6,19570101,19721231,99999913883
999999,13891,KNOXVILLE MCGHEE TYSON AP,US,TN,KTYS,+35.818,-083.986,+0298.7,19650101,19721231,99999913891
999999,13893,MEMPHIS MUNICIPAL ARPT,US,TN,KMEM,+35.056,-089.987,+0101.2,19570101,19721231,99999913893
999999,13897,NASHVILLE BERRY FIELD,US,TN,KBNA,+36.119,-086.689,+0184.4,19570101,19721231,99999913897
999999,53846,KINGS BAY/NAVAL STATION,US,GA,,+30.800,-081.500,+0015.2,19960702,20031231,99999953846
999999,53854,ORANGEBURG MUNICIPAL AP,US,SC,KOGB,+33.462,-080.858,+0060.0,19970602,20041231,99999953854
999999,53867,COLUMBIA OWENS DOWNTOWN AP,US,SC,KCUB,+33.971,-080.996,+0064.6,19981002,20041231,99999953867
999999,53881,KNOXVILLE MCGHEE-TYSON AP,US,VA,KBCB,+37.208,-080.408,+0649.8,20020902,20041231,99999953881
999999,53882,KNOXVILLE ISLAND AP,US,GA,KBGE,+30.983,-084.633,+0043.0,20020602,20041231,99999953882
999999,63820,EVERETT-STEWART AIRPORT,US,TN,KUCY,+36.380,-088.985,+0103.9,20020902,20171231,99999963820
999999,63826,BLACKVILLE 3 W,US,SC,,+33.355,-081.328,+0096.6,20020713,20180417,99999963826
999999,63828,NEWTON 8 W,US,GA,,+31.313,-084.471,+0053.6,20020827,20180417,99999963828
999999,63829,NEWTON 11 SW,US,GA,,+31.192,-084.447,+0047.6,20020827,20180417,99999963829
999999,63850,WATKINSVILLE 5 SSE,US,GA,,+33.784,-083.390,+0225.9,20040430,20180417,99999963850
999999,63855,CROSSVILLE 7 NW,US,TN,,+36.014,-085.135,+0583.1,20041203,20180417,99999963855
999999,63856,BRUNSWICK 23 S,US,GA,,+30.808,-081.460,+0007.6,20041215,20180417,99999963856
999999,93731,NORFOLK FLEET WF NAS,US,VA,,+36.950,-076.300,+0010.1,19580501,19620801,99999993731
999999,93734,STERLING,US,VA,,+38.983,-077.467,+0085.0,19620701,19651019,99999993734
999999,93735,FORT EUSTIS FELKER AAF,US,VA,KFAF,+37.133,-076.600,+0003.7,19710101,19710101,99999993735
999999,93736,CHARLOTTESVILLE FAA,US,VA,KCHO,+38.139,-078.453,+0196.3,19610420,19650101,99999993736
999999,93739,WALLOPS ISLAND UAU,US,VA,KWAL,+37.937,-075.471,+0014.6,19661001,19721231,99999993739
999999,93801,ROME R B RUSSELL AP,US,GA,KRMG,+34.348,-085.161,+0196.3,19570101,19771222,99999993801
999999,93804,SPARTANBURG,US,SC,SPA,+34.917,-081.950,+0244.1,19570101,20180620,99999993804
999999,93830,ATLANTA NAS,US,GA,NCQ,+33.867,-084.300,+0302.1,19570101,19590225,99999993830
999999,93831,BEAUFORT NAS,US,SC,KNBC,+32.483,-080.717,+0011.6,19720101,19721231,99999993831
999999,93836,BRUNSWICK GLYNN CO A,US,GA,NEA,+31.250,-081.467,+0009.1,19570101,19740731,99999993836
999999,93839,MEMPHIS NAS,US,TN,KNQA,+35.350,-089.867,+0097.5,19570101,20041231,99999993839
999999,93842,COLUMBUS MUSCOGEE COUNTY ARPT,US,GA,KCSG,+32.516,-084.942,+0120.1,19570101,19711231,99999993842
999999,93845,VALDOSTA WB AIRPORT,US,GA,KVLD,+30.783,-083.277,+0060.4,19720101,19721231,99999993845
999999,93846,ANDERSON COUNTY AP,US,SC,KAND,+34.498,-082.710,+0235.6,19570101,19590101,99999993846
A00029,63820,EVERETT-STEWART AIRPORT,US,TN,KUCY,+36.380,-088.985,+0103.9,20180101,20180616,A0002963820
A06884,00416,LURAY CAVERNS AIRPORT,US,VA,KLUA,+38.667,-078.501,+0275.2,20180101,20180620,A0688400416
